title,body,created_by_id
Party,"Lorem ipsum dolor sit amet, consectetur adipiscing elit, sed do eiusmod tempor incididunt ut labore et dolore magna aliqua. Viverra aliquet eget sit amet. Pellentesque adipiscing commodo elit at imperdiet dui accumsan sit. Enim nulla aliquet porttitor lacus luctus accumsan tortor. Eget nulla facilisi etiam dignissim diam. Placerat orci nulla pellentesque dignissim enim. Scelerisque mauris pellentesque pulvinar pellentesque habitant morbi tristique. Et tortor consequat id porta. Placerat vestibulum lectus mauris ultrices eros in. Lectus urna duis convallis convallis tellus id interdum.",1
Exam,"Lorem ipsum dolor sit amet, consectetur adipiscing elit, sed do eiusmod tempor incididunt ut labore et dolore magna aliqua. Viverra aliquet eget sit amet. Pellentesque adipiscing commodo elit at imperdiet dui accumsan sit. Enim nulla aliquet porttitor lacus luctus accumsan tortor. Eget nulla facilisi etiam dignissim diam. Placerat orci nulla pellentesque dignissim enim. Scelerisque mauris pellentesque pulvinar pellentesque habitant morbi tristique. Et tortor consequat id porta. Placerat vestibulum lectus mauris ultrices eros in. Lectus urna duis convallis convallis tellus id interdum.",1
Festival,"Lorem ipsum dolor sit amet, consectetur adipiscing elit, sed do eiusmod tempor incididunt ut labore et dolore magna aliqua. Viverra aliquet eget sit amet. Pellentesque adipiscing commodo elit at imperdiet dui accumsan sit. Enim nulla aliquet porttitor lacus luctus accumsan tortor. Eget nulla facilisi etiam dignissim diam. Placerat orci nulla pellentesque dignissim enim. Scelerisque mauris pellentesque pulvinar pellentesque habitant morbi tristique. Et tortor consequat id porta. Placerat vestibulum lectus mauris ultrices eros in. Lectus urna duis convallis convallis tellus id interdum.",1
Exam,"Lorem ipsum dolor sit amet, consectetur adipiscing elit, sed do eiusmod tempor incididunt ut labore et dolore magna aliqua. Viverra aliquet eget sit amet. Pellentesque adipiscing commodo elit at imperdiet dui accumsan sit. Enim nulla aliquet porttitor lacus luctus accumsan tortor. Eget nulla facilisi etiam dignissim diam. Placerat orci nulla pellentesque dignissim enim. Scelerisque mauris pellentesque pulvinar pellentesque habitant morbi tristique. Et tortor consequat id porta. Placerat vestibulum lectus mauris ultrices eros in. Lectus urna duis convallis convallis tellus id interdum.",1
Party,"Lorem ipsum dolor sit amet, consectetur adipiscing elit, sed do eiusmod tempor incididunt ut labore et dolore magna aliqua. Viverra aliquet eget sit amet. Pellentesque adipiscing commodo elit at imperdiet dui accumsan sit. Enim nulla aliquet porttitor lacus luctus accumsan tortor. Eget nulla facilisi etiam dignissim diam. Placerat orci nulla pellentesque dignissim enim. Scelerisque mauris pellentesque pulvinar pellentesque habitant morbi tristique. Et tortor consequat id porta. Placerat vestibulum lectus mauris ultrices eros in. Lectus urna duis convallis convallis tellus id interdum.",2
Holiday,"Lorem ipsum dolor sit amet, consectetur adipiscing elit, sed do eiusmod tempor incididunt ut labore et dolore magna aliqua. Viverra aliquet eget sit amet. Pellentesque adipiscing commodo elit at imperdiet dui accumsan sit. Enim nulla aliquet porttitor lacus luctus accumsan tortor. Eget nulla facilisi etiam dignissim diam. Placerat orci nulla pellentesque dignissim enim. Scelerisque mauris pellentesque pulvinar pellentesque habitant morbi tristique. Et tortor consequat id porta. Placerat vestibulum lectus mauris ultrices eros in. Lectus urna duis convallis convallis tellus id interdum.",2
Exam,"Lorem ipsum dolor sit amet, consectetur adipiscing elit, sed do eiusmod tempor incididunt ut labore et dolore magna aliqua. Viverra aliquet eget sit amet. Pellentesque adipiscing commodo elit at imperdiet dui accumsan sit. Enim nulla aliquet porttitor lacus luctus accumsan tortor. Eget nulla facilisi etiam dignissim diam. Placerat orci nulla pellentesque dignissim enim. Scelerisque mauris pellentesque pulvinar pellentesque habitant morbi tristique. Et tortor consequat id porta. Placerat vestibulum lectus mauris ultrices eros in. Lectus urna duis convallis convallis tellus id interdum.",2
Holiday,"Lorem ipsum dolor sit amet, consectetur adipiscing elit, sed do eiusmod tempor incididunt ut labore et dolore magna aliqua. Viverra aliquet eget sit amet. Pellentesque adipiscing commodo elit at imperdiet dui accumsan sit. Enim nulla aliquet porttitor lacus luctus accumsan tortor. Eget nulla facilisi etiam dignissim diam. Placerat orci nulla pellentesque dignissim enim. Scelerisque mauris pellentesque pulvinar pellentesque habitant morbi tristique. Et tortor consequat id porta. Placerat vestibulum lectus mauris ultrices eros in. Lectus urna duis convallis convallis tellus id interdum.",2
Festival,"Lorem ipsum dolor sit amet, consectetur adipiscing elit, sed do eiusmod tempor incididunt ut labore et dolore magna aliqua. Viverra aliquet eget sit amet. Pellentesque adipiscing commodo elit at imperdiet dui accumsan sit. Enim nulla aliquet porttitor lacus luctus accumsan tortor. Eget nulla facilisi etiam dignissim diam. Placerat orci nulla pellentesque dignissim enim. Scelerisque mauris pellentesque pulvinar pellentesque habitant morbi tristique. Et tortor consequat id porta. Placerat vestibulum lectus mauris ultrices eros in. Lectus urna duis convallis convallis tellus id interdum.",3
Tutorial,"Lorem ipsum dolor sit amet, consectetur adipiscing elit, sed do eiusmod tempor incididunt ut labore et dolore magna aliqua. Viverra aliquet eget sit amet. Pellentesque adipiscing commodo elit at imperdiet dui accumsan sit. Enim nulla aliquet porttitor lacus luctus accumsan tortor. Eget nulla facilisi etiam dignissim diam. Placerat orci nulla pellentesque dignissim enim. Scelerisque mauris pellentesque pulvinar pellentesque habitant morbi tristique. Et tortor consequat id porta. Placerat vestibulum lectus mauris ultrices eros in. Lectus urna duis convallis convallis tellus id interdum.",3
Tutorial,"Lorem ipsum dolor sit amet, consectetur adipiscing elit, sed do eiusmod tempor incididunt ut labore et dolore magna aliqua. Viverra aliquet eget sit amet. Pellentesque adipiscing commodo elit at imperdiet dui accumsan sit. Enim nulla aliquet porttitor lacus luctus accumsan tortor. Eget nulla facilisi etiam dignissim diam. Placerat orci nulla pellentesque dignissim enim. Scelerisque mauris pellentesque pulvinar pellentesque habitant morbi tristique. Et tortor consequat id porta. Placerat vestibulum lectus mauris ultrices eros in. Lectus urna duis convallis convallis tellus id interdum.",3
Tutorial,"Lorem ipsum dolor sit amet, consectetur adipiscing elit, sed do eiusmod tempor incididunt ut labore et dolore magna aliqua. Viverra aliquet eget sit amet. Pellentesque adipiscing commodo elit at imperdiet dui accumsan sit. Enim nulla aliquet porttitor lacus luctus accumsan tortor. Eget nulla facilisi etiam dignissim diam. Placerat orci nulla pellentesque dignissim enim. Scelerisque mauris pellentesque pulvinar pellentesque habitant morbi tristique. Et tortor consequat id porta. Placerat vestibulum lectus mauris ultrices eros in. Lectus urna duis convallis convallis tellus id interdum.",3
Tutorial,"Lorem ipsum dolor sit amet, consectetur adipiscing elit, sed do eiusmod tempor incididunt ut labore et dolore magna aliqua. Viverra aliquet eget sit amet. Pellentesque adipiscing commodo elit at imperdiet dui accumsan sit. Enim nulla aliquet porttitor lacus luctus accumsan tortor. Eget nulla facilisi etiam dignissim diam. Placerat orci nulla pellentesque dignissim enim. Scelerisque mauris pellentesque pulvinar pellentesque habitant morbi tristique. Et tortor consequat id porta. Placerat vestibulum lectus mauris ultrices eros in. Lectus urna duis convallis convallis tellus id interdum.",4
Tutorial,"Lorem ipsum dolor sit amet, consectetur adipiscing elit, sed do eiusmod tempor incididunt ut labore et dolore magna aliqua. Viverra aliquet eget sit amet. Pellentesque adipiscing commodo elit at imperdiet dui accumsan sit. Enim nulla aliquet porttitor lacus luctus accumsan tortor. Eget nulla facilisi etiam dignissim diam. Placerat orci nulla pellentesque dignissim enim. Scelerisque mauris pellentesque pulvinar pellentesque habitant morbi tristique. Et tortor consequat id porta. Placerat vestibulum lectus mauris ultrices eros in. Lectus urna duis convallis convallis tellus id interdum.",4
Holiday,"Lorem ipsum dolor sit amet, consectetur adipiscing elit, sed do eiusmod tempor incididunt ut labore et dolore magna aliqua. Viverra aliquet eget sit amet. Pellentesque adipiscing commodo elit at imperdiet dui accumsan sit. Enim nulla aliquet porttitor lacus luctus accumsan tortor. Eget nulla facilisi etiam dignissim diam. Placerat orci nulla pellentesque dignissim enim. Scelerisque mauris pellentesque pulvinar pellentesque habitant morbi tristique. Et tortor consequat id porta. Placerat vestibulum lectus mauris ultrices eros in. Lectus urna duis convallis convallis tellus id interdum.",4
Holiday,"Lorem ipsum dolor sit amet, consectetur adipiscing elit, sed do eiusmod tempor incididunt ut labore et dolore magna aliqua. Viverra aliquet eget sit amet. Pellentesque adipiscing commodo elit at imperdiet dui accumsan sit. Enim nulla aliquet porttitor lacus luctus accumsan tortor. Eget nulla facilisi etiam dignissim diam. Placerat orci nulla pellentesque dignissim enim. Scelerisque mauris pellentesque pulvinar pellentesque habitant morbi tristique. Et tortor consequat id porta. Placerat vestibulum lectus mauris ultrices eros in. Lectus urna duis convallis convallis tellus id interdum.",4
Holiday,"Lorem ipsum dolor sit amet, consectetur adipiscing elit, sed do eiusmod tempor incididunt ut labore et dolore magna aliqua. Viverra aliquet eget sit amet. Pellentesque adipiscing commodo elit at imperdiet dui accumsan sit. Enim nulla aliquet porttitor lacus luctus accumsan tortor. Eget nulla facilisi etiam dignissim diam. Placerat orci nulla pellentesque dignissim enim. Scelerisque mauris pellentesque pulvinar pellentesque habitant morbi tristique. Et tortor consequat id porta. Placerat vestibulum lectus mauris ultrices eros in. Lectus urna duis convallis convallis tellus id interdum.",5
Holiday,"Lorem ipsum dolor sit amet, consectetur adipiscing elit, sed do eiusmod tempor incididunt ut labore et dolore magna aliqua. Viverra aliquet eget sit amet. Pellentesque adipiscing commodo elit at imperdiet dui accumsan sit. Enim nulla aliquet porttitor lacus luctus accumsan tortor. Eget nulla facilisi etiam dignissim diam. Placerat orci nulla pellentesque dignissim enim. Scelerisque mauris pellentesque pulvinar pellentesque habitant morbi tristique. Et tortor consequat id porta. Placerat vestibulum lectus mauris ultrices eros in. Lectus urna duis convallis convallis tellus id interdum.",5
Holiday,"Lorem ipsum dolor sit amet, consectetur adipiscing elit, sed do eiusmod tempor incididunt ut labore et dolore magna aliqua. Viverra aliquet eget sit amet. Pellentesque adipiscing commodo elit at imperdiet dui accumsan sit. Enim nulla aliquet porttitor lacus luctus accumsan tortor. Eget nulla facilisi etiam dignissim diam. Placerat orci nulla pellentesque dignissim enim. Scelerisque mauris pellentesque pulvinar pellentesque habitant morbi tristique. Et tortor consequat id porta. Placerat vestibulum lectus mauris ultrices eros in. Lectus urna duis convallis convallis tellus id interdum.",5
Festival,"Lorem ipsum dolor sit amet, consectetur adipiscing elit, sed do eiusmod tempor incididunt ut labore et dolore magna aliqua. Viverra aliquet eget sit amet. Pellentesque adipiscing commodo elit at imperdiet dui accumsan sit. Enim nulla aliquet porttitor lacus luctus accumsan tortor. Eget nulla facilisi etiam dignissim diam. Placerat orci nulla pellentesque dignissim enim. Scelerisque mauris pellentesque pulvinar pellentesque habitant morbi tristique. Et tortor consequat id porta. Placerat vestibulum lectus mauris ultrices eros in. Lectus urna duis convallis convallis tellus id interdum.",5
Festival,"Lorem ipsum dolor sit amet, consectetur adipiscing elit, sed do eiusmod tempor incididunt ut labore et dolore magna aliqua. Viverra aliquet eget sit amet. Pellentesque adipiscing commodo elit at imperdiet dui accumsan sit. Enim nulla aliquet porttitor lacus luctus accumsan tortor. Eget nulla facilisi etiam dignissim diam. Placerat orci nulla pellentesque dignissim enim. Scelerisque mauris pellentesque pulvinar pellentesque habitant morbi tristique. Et tortor consequat id porta. Placerat vestibulum lectus mauris ultrices eros in. Lectus urna duis convallis convallis tellus id interdum.",6
Festival,"Lorem ipsum dolor sit amet, consectetur adipiscing elit, sed do eiusmod tempor incididunt ut labore et dolore magna aliqua. Viverra aliquet eget sit amet. Pellentesque adipiscing commodo elit at imperdiet dui accumsan sit. Enim nulla aliquet porttitor lacus luctus accumsan tortor. Eget nulla facilisi etiam dignissim diam. Placerat orci nulla pellentesque dignissim enim. Scelerisque mauris pellentesque pulvinar pellentesque habitant morbi tristique. Et tortor consequat id porta. Placerat vestibulum lectus mauris ultrices eros in. Lectus urna duis convallis convallis tellus id interdum.",6
Festival,"Lorem ipsum dolor sit amet, consectetur adipiscing elit, sed do eiusmod tempor incididunt ut labore et dolore magna aliqua. Viverra aliquet eget sit amet. Pellentesque adipiscing commodo elit at imperdiet dui accumsan sit. Enim nulla aliquet porttitor lacus luctus accumsan tortor. Eget nulla facilisi etiam dignissim diam. Placerat orci nulla pellentesque dignissim enim. Scelerisque mauris pellentesque pulvinar pellentesque habitant morbi tristique. Et tortor consequat id porta. Placerat vestibulum lectus mauris ultrices eros in. Lectus urna duis convallis convallis tellus id interdum.",6
Festival,"Lorem ipsum dolor sit amet, consectetur adipiscing elit, sed do eiusmod tempor incididunt ut labore et dolore magna aliqua. Viverra aliquet eget sit amet. Pellentesque adipiscing commodo elit at imperdiet dui accumsan sit. Enim nulla aliquet porttitor lacus luctus accumsan tortor. Eget nulla facilisi etiam dignissim diam. Placerat orci nulla pellentesque dignissim enim. Scelerisque mauris pellentesque pulvinar pellentesque habitant morbi tristique. Et tortor consequat id porta. Placerat vestibulum lectus mauris ultrices eros in. Lectus urna duis convallis convallis tellus id interdum.",6
Exam,"Lorem ipsum dolor sit amet, consectetur adipiscing elit, sed do eiusmod tempor incididunt ut labore et dolore magna aliqua. Viverra aliquet eget sit amet. Pellentesque adipiscing commodo elit at imperdiet dui accumsan sit. Enim nulla aliquet porttitor lacus luctus accumsan tortor. Eget nulla facilisi etiam dignissim diam. Placerat orci nulla pellentesque dignissim enim. Scelerisque mauris pellentesque pulvinar pellentesque habitant morbi tristique. Et tortor consequat id porta. Placerat vestibulum lectus mauris ultrices eros in. Lectus urna duis convallis convallis tellus id interdum.",7
Exam,"Lorem ipsum dolor sit amet, consectetur adipiscing elit, sed do eiusmod tempor incididunt ut labore et dolore magna aliqua. Viverra aliquet eget sit amet. Pellentesque adipiscing commodo elit at imperdiet dui accumsan sit. Enim nulla aliquet porttitor lacus luctus accumsan tortor. Eget nulla facilisi etiam dignissim diam. Placerat orci nulla pellentesque dignissim enim. Scelerisque mauris pellentesque pulvinar pellentesque habitant morbi tristique. Et tortor consequat id porta. Placerat vestibulum lectus mauris ultrices eros in. Lectus urna duis convallis convallis tellus id interdum.",7
Exam,"Lorem ipsum dolor sit amet, consectetur adipiscing elit, sed do eiusmod tempor incididunt ut labore et dolore magna aliqua. Viverra aliquet eget sit amet. Pellentesque adipiscing commodo elit at imperdiet dui accumsan sit. Enim nulla aliquet porttitor lacus luctus accumsan tortor. Eget nulla facilisi etiam dignissim diam. Placerat orci nulla pellentesque dignissim enim. Scelerisque mauris pellentesque pulvinar pellentesque habitant morbi tristique. Et tortor consequat id porta. Placerat vestibulum lectus mauris ultrices eros in. Lectus urna duis convallis convallis tellus id interdum.",8
Exam,"Lorem ipsum dolor sit amet, consectetur adipiscing elit, sed do eiusmod tempor incididunt ut labore et dolore magna aliqua. Viverra aliquet eget sit amet. Pellentesque adipiscing commodo elit at imperdiet dui accumsan sit. Enim nulla aliquet porttitor lacus luctus accumsan tortor. Eget nulla facilisi etiam dignissim diam. Placerat orci nulla pellentesque dignissim enim. Scelerisque mauris pellentesque pulvinar pellentesque habitant morbi tristique. Et tortor consequat id porta. Placerat vestibulum lectus mauris ultrices eros in. Lectus urna duis convallis convallis tellus id interdum.",8
Party,"Lorem ipsum dolor sit amet, consectetur adipiscing elit, sed do eiusmod tempor incididunt ut labore et dolore magna aliqua. Viverra aliquet eget sit amet. Pellentesque adipiscing commodo elit at imperdiet dui accumsan sit. Enim nulla aliquet porttitor lacus luctus accumsan tortor. Eget nulla facilisi etiam dignissim diam. Placerat orci nulla pellentesque dignissim enim. Scelerisque mauris pellentesque pulvinar pellentesque habitant morbi tristique. Et tortor consequat id porta. Placerat vestibulum lectus mauris ultrices eros in. Lectus urna duis convallis convallis tellus id interdum.",9
Party,"Lorem ipsum dolor sit amet, consectetur adipiscing elit, sed do eiusmod tempor incididunt ut labore et dolore magna aliqua. Viverra aliquet eget sit amet. Pellentesque adipiscing commodo elit at imperdiet dui accumsan sit. Enim nulla aliquet porttitor lacus luctus accumsan tortor. Eget nulla facilisi etiam dignissim diam. Placerat orci nulla pellentesque dignissim enim. Scelerisque mauris pellentesque pulvinar pellentesque habitant morbi tristique. Et tortor consequat id porta. Placerat vestibulum lectus mauris ultrices eros in. Lectus urna duis convallis convallis tellus id interdum.",10