username,name,dob,gender,secondary_email,account_id
ceadmead0,vmuller0,2021-10-04,Female,cpeaseman0@a8.net,1
agoodwell1,btante1,2022-06-19,Female,lhefferon1@hibu.com,2
lshergill2,hrathbourne2,2022-04-10,Female,dpavitt2@xinhuanet.com,3
achaster3,wslay3,2021-12-24,Male,cpillans3@photobucket.com,4
jszimoni4,sheinreich4,2021-10-13,Female,aoliffe4@constantcontact.com,5
wbeament5,mcridge5,2022-05-13,Female,ctarr5@flavors.me,6
tcapstake6,hsemple6,2022-05-01,Male,hdahmel6@aboutads.info,7
ltamblyn7,rharmer7,2021-11-24,Female,lbarkway7@reddit.com,8
conge8,imugleston8,2021-11-08,Male,kcoldbath8@google.it,9
Staff-1,Guru-1,2022-05-29,Male,staff-1@gmail.com,11
Staff-2,Guru-2,2022-05-29,Male,staff-2@gmail.com,12
Staff-3,Guru-3,2022-05-29,Male,staff-3@gmail.com,13
Staff-4,Guru-4,2022-05-29,Male,staff-4@gmail.com,14
Staff-5,Guru-5,2022-05-29,Male,staff-5@gmail.com,15
Staff-6,Guru-6,2022-05-29,Male,staff-6@gmail.com,16
Staff-7,Guru-7,2022-05-29,Male,staff-7@gmail.com,17
Staff-8,Guru-8,2022-05-29,Male,staff-8@gmail.com,18
Staff-9,Guru-9,2022-05-29,Male,staff-9@gmail.com,19
Staff-10,Guru-10,2022-05-29,Male,staff-10@gmail.com,20
Staff-11,Guru-11,2022-05-29,Male,staff-11@gmail.com,21
Staff-12,Guru-12,2022-05-29,Male,staff-12@gmail.com,22
Staff-13,Guru-13,2022-05-29,Male,staff-13@gmail.com,23
Staff-14,Guru-14,2022-05-29,Male,staff-14@gmail.com,24
Staff-15,Guru-15,2022-05-29,Male,staff-15@gmail.com,25
Staff-16,Guru-16,2022-05-29,Male,staff-16@gmail.com,26
Staff-17,Guru-17,2022-05-29,Male,staff-17@gmail.com,27
Staff-18,Guru-18,2022-05-29,Male,staff-18@gmail.com,28
Staff-19,Guru-19,2022-05-29,Male,staff-19@gmail.com,29
Staff-20,Guru-20,2022-05-29,Male,staff-20@gmail.com,30
Staff-21,Guru-21,2022-05-29,Male,staff-21@gmail.com,31
Staff-22,Guru-22,2022-05-29,Male,staff-22@gmail.com,32
Staff-23,Guru-23,2022-05-29,Male,staff-23@gmail.com,33
Staff-24,Guru-24,2022-05-29,Male,staff-24@gmail.com,34
Staff-25,Guru-25,2022-05-29,Male,staff-25@gmail.com,35
Staff-26,Guru-26,2022-05-29,Male,staff-26@gmail.com,36
Staff-27,Guru-27,2022-05-29,Male,staff-27@gmail.com,37
Staff-28,Guru-28,2022-05-29,Male,staff-28@gmail.com,38
Staff-29,Guru-29,2022-05-29,Male,staff-29@gmail.com,39
Staff-30,Guru-300,2022-05-29,Male,staff-30@gmail.com,40
test-staff,TestStaff,2000-12-12,Male,teststaff@trsu.net,41